{"slotLength": 10.0, "numChans": 3, "slotframeLength": 20, "modulations": ["QPSK_FEC_1_2_FR_2", "QPSK_FEC_1_2", "QPSK_FEC_3_4"], "simulationTopology": {"0": {"links": {"1": -121.92763470062326, "2": -102.22328528610925, "3": -108.43656025859518, "4": -120.1098373361657, "5": -122.62858937391317, "6": -124.60154987990171, "7": -113.09023413086112, "8": -117.76343199728572, "9": -117.91706597539493, "10": -118.8595600464948, "11": -102.2661471836499, "12": -121.48395197352042, "13": -116.55386008941593}, "parent": null, "distance_to_root": 0.0, "interferers": [2, 3, 7, 11, 13], "reliability": {"QPSK_FEC_1_2": {"1": 0.0, "2": 1.0, "3": 1.0, "4": 0.0, "5": 0.0, "6": 0.0, "7": 0.6104597540183931, "8": 0.0, "9": 0.0, "10": 0.0, "11": 1.0, "12": 0.0, "13": 0.0}, "QPSK_FEC_1_2_FR_2": {"1": 0.0, "2": 1.0, "3": 1.0, "4": 0.0, "5": 0.0, "6": 0.0, "7": 0.8619246602686417, "8": 0.0, "9": 0.0, "10": 0.0, "11": 1.0, "12": 0.0, "13": 0.28244524231342893}, "QPSK_FEC_3_4": {"1": 0.0, "2": 1.0, "3": 0.9925882499794625, "4": 0.0, "5": 0.0, "6": 0.0, "7": 0.2102969492716511, "8": 0.0, "9": 0.0, "10": 0.0, "11": 1.0, "12": 0.0, "13": 0.0}}, "y": 2.5, "x": 2.5}, "1": {"links": {"0": -121.92763470062326, "2": -117.02661965212886, "3": -122.53533162725583, "4": -114.13398057553778, "5": -74.07615686521498, "6": -134.34295593143256, "7": -113.67463538577844, "8": -130.47804473734294, "9": -107.43455661704364, "10": -104.69990043420681, "11": -124.53969400773357, "12": -111.26427040088895, "13": -130.43651885835843}, "parent": 12, "distance_to_root": 2.4309245299622915, "interferers": [2, 4, 5, 7, 9, 10, 12], "reliability": {"QPSK_FEC_1_2": {"0": 0.0, "2": 0.0, "3": 0.0, "4": 0.3686304087395911, "5": 1.0, "6": 0.0, "7": 0.4825291216382084, "8": 0.0, "9": 1.0, "10": 1.0, "11": 0.0, "12": 0.9000132995206513, "13": 0.0}, "QPSK_FEC_1_2_FR_2": {"0": 0.0, "2": 0.1652076636142965, "3": 0.0, "4": 0.7343925653921133, "5": 1.0, "6": 0.0, "7": 0.795028671560317, "8": 0.0, "9": 1.0, "10": 1.0, "11": 0.0, "12": 1.0, "13": 0.0}, "QPSK_FEC_3_4": {"0": 0.0, "2": 0.0, "3": 0.0, "4": 0.0, "5": 1.0, "6": 0.0, "7": 0.022539754302442816, "8": 0.0, "9": 1.0, "10": 1.0, "11": 0.0, "12": 0.6535663935346747, "13": 0.0}}, "y": 0.28715547016643306, "x": 3.5063365029442424}, "2": {"links": {"0": -102.22328528610925, "1": -117.02661965212886, "3": -106.95576617000343, "4": -114.29685411107401, "5": -117.9076457469478, "6": -128.0253927570954, "7": -109.54324293578381, "8": -122.82002979095714, "9": -113.70321300113962, "10": -114.47618083711191, "11": -112.39802202672018, "12": -118.76221182213087, "13": -121.4792021897409}, "parent": 0, "distance_to_root": 0.7061032691627482, "interferers": [0, 1, 3, 4, 7, 9, 10, 11], "reliability": {"QPSK_FEC_1_2": {"0": 1.0, "1": 0.0, "3": 1.0, "4": 0.32530446899386334, "5": 0.0, "6": 0.0, "7": 1.0, "8": 0.0, "9": 0.4757930411351481, "10": 0.2757735559264347, "11": 0.7388936836055109, "12": 0.0, "13": 0.0}, "QPSK_FEC_1_2_FR_2": {"0": 1.0, "1": 0.1652076636142965, "3": 1.0, "4": 0.7111113851013897, "5": 0.0, "6": 0.0, "7": 1.0, "8": 0.0, "9": 0.7914679277540699, "10": 0.6843684705137321, "11": 0.9272966878827447, "12": 0.0, "13": 0.0}, "QPSK_FEC_3_4": {"0": 1.0, "1": 0.0, "3": 1.0, "4": 0.0, "5": 0.0, "6": 0.0, "7": 0.9022273236887486, "8": 0.0, "9": 0.012737271839341702, "10": 0.0, "11": 0.4027229436676407, "12": 0.0, "13": 0.0}}, "y": 2.00134688407032, "x": 2.999926891351067}, "3": {"links": {"0": -108.43656025859518, "1": -122.53533162725583, "2": -106.95576617000343, "4": -115.48548685396804, "5": -123.02830003816823, "6": -126.6985496115642, "7": -119.32658184878673, "8": -123.22441265640654, "9": -121.60656491929612, "10": -121.96195284193837, "11": -116.34731830279696, "12": -124.9240928464566, "13": -118.44726320332444}, "parent": 2, "distance_to_root": 1.0427189535326342, "interferers": [0, 2, 4, 11], "reliability": {"QPSK_FEC_1_2": {"0": 1.0, "1": 0.0, "2": 1.0, "4": 0.0, "5": 0.0, "6": 0.0, "7": 0.0, "8": 0.0, "9": 0.0, "10": 0.0, "11": 0.0, "12": 0.0, "13": 0.0}, "QPSK_FEC_1_2_FR_2": {"0": 1.0, "1": 0.0, "2": 1.0, "4": 0.5111144354999624, "5": 0.0, "6": 0.0, "7": 0.0, "8": 0.0, "9": 0.0, "10": 0.0, "11": 0.3304963697260064, "12": 0.0, "13": 0.0}, "QPSK_FEC_3_4": {"0": 0.9925882499794625, "1": 0.0, "2": 1.0, "4": 0.0, "5": 0.0, "6": 0.0, "7": 0.0, "8": 0.0, "9": 0.0, "10": 0.0, "11": 0.0, "12": 0.0, "13": 0.0}}, "y": 2.8125278651779295, "x": 3.494780955559322}, "4": {"links": {"0": -120.1098373361657, "1": -114.13398057553778, "2": -114.29685411107401, "3": -115.48548685396804, "5": -114.24090225255935, "6": -132.99109819745863, "7": -119.76281999372762, "8": -129.99750362897746, "9": -118.9788803056521, "10": -118.45426056427394, "11": -124.40628764149218, "12": -122.48981158823389, "13": -128.01249483913767}, "parent": 2, "distance_to_root": 2.1689034156218585, "interferers": [1, 2, 3, 5], "reliability": {"QPSK_FEC_1_2": {"0": 0.0, "1": 0.3686304087395911, "2": 0.32530446899386334, "3": 0.0, "5": 0.3403650671612013, "6": 0.0, "7": 0.0, "8": 0.0, "9": 0.0, "10": 0.0, "11": 0.0, "12": 0.0, "13": 0.0}, "QPSK_FEC_1_2_FR_2": {"0": 0.0, "1": 0.7343925653921133, "2": 0.7111113851013897, "3": 0.5111144354999624, "5": 0.7192164594124506, "6": 0.0, "7": 0.0, "8": 0.0, "9": 0.0, "10": 0.0, "11": 0.0, "12": 0.0, "13": 0.0}, "QPSK_FEC_3_4": {"0": 0.0, "1": 0.0, "2": 0.0, "3": 0.0, "5": 0.0, "6": 0.0, "7": 0.0, "8": 0.0, "9": 0.0, "10": 0.0, "11": 0.0, "12": 0.0, "13": 0.0}}, "y": 1.4726816791349067, "x": 4.410172529880767}, "5": {"links": {"0": -122.62858937391317, "1": -74.07615686521498, "2": -117.9076457469478, "3": -123.02830003816823, "4": -114.24090225255935, "6": -134.67631329120812, "7": -114.94685606403411, "8": -130.92383304079337, "9": -109.18957574760077, "10": -106.7174449371146, "11": -125.18067931297108, "12": -112.33339428209577, "13": -130.83312067176902}, "parent": 12, "distance_to_root": 2.5402184052840573, "interferers": [1, 4, 7, 9, 10, 12], "reliability": {"QPSK_FEC_1_2": {"0": 0.0, "1": 1.0, "2": 0.0, "3": 0.0, "4": 0.3403650671612013, "6": 0.0, "7": 0.1364131188133797, "8": 0.0, "9": 1.0, "10": 1.0, "11": 0.0, "12": 0.7496703837077803, "13": 0.0}, "QPSK_FEC_1_2_FR_2": {"0": 0.0, "1": 1.0, "2": 0.0, "3": 0.0, "4": 0.7192164594124506, "6": 0.0, "7": 0.6084841882187675, "8": 0.0, "9": 1.0, "10": 1.0, "11": 0.0, "12": 0.9326746461662196, "13": 0.0}, "QPSK_FEC_3_4": {"0": 0.0, "1": 1.0, "2": 0.0, "3": 0.0, "4": 0.0, "6": 0.0, "7": 0.0, "8": 0.0, "9": 0.9363707547026934, "10": 1.0, "11": 0.0, "12": 0.41910715578524105, "13": 0.0}}, "y": 0.20989148786373535, "x": 3.599141732983014}, "6": {"links": {"0": -124.60154987990171, "1": -134.34295593143256, "2": -128.0253927570954, "3": -126.6985496115642, "4": -132.99109819745863, "5": -134.67631329120812, "7": -130.1126190294674, "8": -112.94889425070001, "9": -132.18050519140874, "10": -132.66831951019492, "11": -122.39841676496272, "12": -133.34977521733592, "13": -112.3845656872907}, "parent": 13, "distance_to_root": 2.874949366114522, "interferers": [8, 13], "reliability": {"QPSK_FEC_1_2": {"0": 0.0, "1": 0.0, "2": 0.0, "3": 0.0, "4": 0.0, "5": 0.0, "7": 0.0, "8": 0.6386640498378711, "9": 0.0, "10": 0.0, "11": 0.0, "12": 0.0, "13": 0.7411541549020058}, "QPSK_FEC_1_2_FR_2": {"0": 0.0, "1": 0.0, "2": 0.0, "3": 0.0, "4": 0.0, "5": 0.0, "7": 0.0, "8": 0.8764581467966082, "9": 0.0, "10": 0.0, "11": 0.0, "12": 0.0, "13": 0.928426350404493}, "QPSK_FEC_3_4": {"0": 0.0, "1": 0.0, "2": 0.0, "3": 0.0, "4": 0.0, "5": 0.0, "7": 0.0, "8": 0.2521614947384023, "9": 0.0, "10": 0.0, "11": 0.0, "12": 0.0, "13": 0.4061560408833884}}, "y": 4.965584416128015, "x": 1.0214103528466856}, "7": {"links": {"0": -113.09023413086112, "1": -113.67463538577844, "2": -109.54324293578381, "3": -119.32658184878673, "4": -119.76281999372762, "5": -114.94685606403411, "6": -130.1126190294674, "8": -124.23718463766514, "9": -98.78298008974278, "10": -102.6513021712335, "11": -114.84771062447302, "12": -107.28006447138375,