{"slotLength": 5.0, "gap": 0.01, "timelimit": 255600, "numChans": 3, "slotframeLength": 40, "simulationTopology": {"0": {"y": 1.25, "x": 1.25, "reliability": {"QAM_16_FEC_3_4": {"1": 0.0, "2": 0.0, "3": 1.0, "4": 0.977, "5": 0.0, "6": 0.0, "7": 0.0}, "QPSK_FEC_1_2": {"1": 0.0, "2": 0.999, "3": 1.0, "4": 1.0, "5": 1.0, "6": 0.0, "7": 0.0}, "QAM_16_FEC_1_2": {"1": 0.0, "2": 0.0, "3": 1.0, "4": 1.0, "5": 0.0, "6": 0.0, "7": 0.0}, "QPSK_FEC_1_2_FR_2": {"1": 1.0, "2": 1.0, "3": 1.0, "4": 1.0, "5": 1.0, "6": 0.999, "7": 0.96}, "QPSK_FEC_3_4": {"1": 0.0, "2": 0.0, "3": 1.0, "4": 1.0, "5": 0.738, "6": 0.0, "7": 0.0}}, "parent": null, "links": {"1": -111.8372474675949, "2": -108.85279204645192, "3": -98.51193876617522, "4": -100.15915618923745, "5": -107.6737293425317, "6": -113.96078664077285, "7": -115.425891974611}}, "1": {"y": 1.7957010400594862, "x": 0.8290294214232843, "reliability": {"QAM_16_FEC_3_4": {"0": 0.0, "2": 0.0, "3": 0.0, "4": 0.0, "5": 0.991, "6": 1.0, "7": 0.0}, "QPSK_FEC_1_2": {"0": 0.0, "2": 1.0, "3": 1.0, "4": 1.0, "5": 1.0, "6": 1.0, "7": 1.0}, "QAM_16_FEC_1_2": {"0": 0.0, "2": 0.995, "3": 0.0, "4": 0.0, "5": 1.0, "6": 1.0, "7": 0.0}, "QPSK_FEC_1_2_FR_2": {"0": 1.0, "2": 1.0, "3": 1.0, "4": 1.0, "5": 1.0, "6": 1.0, "7": 1.0}, "QPSK_FEC_3_4": {"0": 0.0, "2": 1.0, "3": 0.05, "4": 0.62, "5": 1.0, "6": 1.0, "7": 0.164}}, "parent": 3, "links": {"0": -111.8372474675949, "2": -102.7686717220834, "3": -108.33791002729136, "4": -107.80965047858042, "5": -99.86913134829487, "6": -96.83860303602118, "7": -108.19619266908639}}, "2": {"y": 1.8206425992321962, "x": 1.2183973168948572, "reliability": {"QAM_16_FEC_3_4": {"0": 0.0, "1": 0.0, "3": 0.0, "4": 1.0, "5": 1.0, "6": 0.0, "7": 0.0}, "QPSK_FEC_1_2": {"0": 0.999, "1": 1.0, "3": 0.877, "4": 1.0, "5": 1.0, "6": 0.413, "7": 0.0}, "QAM_16_FEC_1_2": {"0": 0.0, "1": 0.995, "3": 0.0, "4": 1.0, "5": 1.0, "6": 0.0, "7": 0.0}, "QPSK_FEC_1_2_FR_2": {"0": 1.0, "1": 1.0, "3": 1.0, "4": 1.0, "5": 1.0, "6": 1.0, "7": 0.864}, "QPSK_FEC_3_4": {"0": 0.0, "1": 1.0, "3": 0.0, "4": 1.0, "5": 1.0, "6": 0.0, "7": 0.0}}, "parent": 0, "links": {"0": -108.85279204645192, "1": -102.7686717220834, "3": -110.26781308484644, "4": -96.60135254915795, "5": -77.75422597319817, "6": -110.82245743828024, "7": -115.97086301974693}}, "3": {"y": 1.2560387478929613, "x": 0.951342592454776, "reliability": {"QAM_16_FEC_3_4": {"0": 1.0, "1": 0.0, "2": 0.0, "4": 0.0, "5": 0.0, "6": 0.0, "7": 0.0}, "QPSK_FEC_1_2": {"0": 1.0, "1": 1.0, "2": 0.877, "4": 1.0, "5": 1.0, "6": 1.0, "7": 0.999}, "QAM_16_FEC_1_2": {"0": 1.0, "1": 0.0, "2": 0.0, "4": 0.0, "5": 0.0, "6": 0.0, "7": 0.0}, "QPSK_FEC_1_2_FR_2": {"0": 1.0, "1": 1.0, "2": 1.0, "4": 1.0, "5": 1.0, "6": 1.0, "7": 1.0}, "QPSK_FEC_3_4": {"0": 1.0, "1": 0.05, "2": 0.0, "4": 0.998, "5": 0.04, "6": 0.022, "7": 0.0}}, "parent": 0, "links": {"0": -98.51193876617522, "1": -108.33791002729136, "2": -110.26781308484644, "4": -106.22062640346353, "5": -108.35767223559587, "6": -108.40296031323128, "7": -108.92399063416728}}, "4": {"y": 1.5744982704266088, "x": 1.3164989851113509, "reliability": {"QAM_16_FEC_3_4": {"0": 0.977, "1": 0.0, "2": 1.0, "3": 0.0, "5": 1.0, "6": 0.0, "7": 0.0}, "QPSK_FEC_1_2": {"0": 1.0, "1": 1.0, "2": 1.0, "3": 1.0, "5": 1.0, "6": 0.0, "7": 0.0}, "QAM_16_FEC_1_2": {"0": 1.0, "1": 0.0, "2": 1.0, "3": 0.0, "5": 1.0, "6": 0.0, "7": 0.0}, "QPSK_FEC_1_2_FR_2": {"0": 1.0, "1": 1.0, "2": 1.0, "3": 1.0, "5": 1.0, "6": 1.0, "7": 0.679}, "QPSK_FEC_3_4": {"0": 1.0, "1": 0.62, "2": 1.0, "3": 0.998, "5": 1.0, "6": 0.0, "7": 0.0}}, "parent": 3, "links": {"0": -100.15915618923745, "1": -107.80965047858042, "2": -96.60135254915795, "3": -106.22062640346353, "5": -96.05538392423072, "6": -112.87533442492409, "7": -116.39256612572538}}, "5": {"y": 1.7719050856970515, "x": 1.1534268991495353, "reliability": {"QAM_16_FEC_3_4": {"0": 0.0, "1": 0.991, "2": 1.0, "3": 0.0, "4": 1.0, "6": 0.0, "7": 0.0}, "QPSK_FEC_1_2": {"0": 1.0, "1": 1.0, "2": 1.0, "3": 1.0, "4": 1.0, "6": 0.999, "7": 0.0}, "QAM_16_FEC_1_2": {"0": 0.0, "1": 1.0, "2": 1.0, "3": 0.0, "4": 1.0, "6": 0.0, "7": 0.0}, "QPSK_FEC_1_2_FR_2": {"0": 1.0, "1": 1.0, "2": 1.0, "3": 1.0, "4": 1.0, "6": 1.0, "7": 0.996}, "QPSK_FEC_3_4": {"0": 0.738, "1": 1.0, "2": 1.0, "3": 0.04, "4": 1.0, "6": 0.0, "7": 0.0}}, "parent": 0, "links": {"0": -107.6737293425317, "1": -99.86913134829487, "2": -77.75422597319817, "3": -108.35767223559587, "4": -96.05538392423072, "6": -108.90631363629674, "7": -114.48906261499543}}, "6": {"y": 1.6763808344055378, "x": 0.5879997562500355, "reliability": {"QAM_16_FEC_3_4": {"0": 0.0, "1": 1.0, "2": 0.0, "3": 0.0, "4": 0.0, "5": 0.0, "7": 1.0}, "QPSK_FEC_1_2": {"0": 0.0, "1": 1.0, "2": 0.413, "3": 1.0, "4": 0.0, "5": 0.999, "7": 1.0}, "QAM_16_FEC_1_2": {"0": 0.0, "1": 1.0, "2": 0.0, "3": 0.0, "4": 0.0, "5": 0.0, "7": 1.0}, "QPSK_FEC_1_2_FR_2": {"0": 0.999, "1": 1.0, "2": 1.0, "3": 1.0, "4": 1.0, "5": 1.0, "7": 1.0}, "QPSK_FEC_3_4": {"0": 0.0, "1": 1.0, "2": 0.0, "3": 0.022, "4": 0.0, "5": 0.0, "7": 1.0}}, "parent": 3, "links": {"0": -113.96078664077285, "1": -96.83860303602118, "2": -110.82245743828024, "3": -108.40296031323128, "4": -112.87533442492409, "5": -108.90631363629674, "7": -98.25783673015853}}, "7": {"y": 1.4433920603255905, "x": 0.40869935971058674, "reliability": {"QAM_16_FEC_3_4": {"0": 0.0, "1": 0.0, "2": 0.0, "3": 0.0, "4": 0.0, "5": 0.0, "6": 1.0}, "QPSK_FEC_1_2": {"0": 0.0, "1": 1.0, "2": 0.0, "3": 0.999, "4": 0.0, "5": 0.0, "6": 1.0}, "QAM_16_FEC_1_2": {"0": 0.0, "1": 0.0, "2": 0.0, "3": 0.0, "4": 0.0, "5": 0.0, "6": 1.0}, "QPSK_FEC_1_2_FR_2": {"0": 0.96, "1": 1.0, "2": 0.864, "3": 1.0, "4": 0.679, "5": 0.996, "6": 1.0}, "QPSK_FEC_3_4": {"0": 0.0, "1": 0.164, "2": 0.0, "3": 0.0, "4": 0.0, "5": 0.0, "6": 1.0}}, "parent": 5, "links": {"0": -115.425891974611, "1": -108.19619266908639, "2": -115.97086301974693, "3": -108.92399063416728, "4": -116.39256612572538, "5": -114.48906261499543, "6": -98.25783673015853}}}, "threads": 1, "omega": 0.9, "modulationSlots": {"QAM_16_FEC_3_4": 2, "QAM_16_FEC_1_2": 3, "QPSK_FEC_3_4": 3, "QPSK_FEC_1_2_FR_2": 6, "QPSK_FEC_1_2": 4}}